{
  "euclidean": {
    "wasserstein_1d_train_val_train_synth": 0.384132293069154,
    "wasserstein_1d_train_val_train_train_adv": 0.5505637335670592,
    "wasserstein_1d_train_val_train_val_adv": 0.20988798265485736,
    "detection_ratio_train": 0.037423533645196114,
    "detection_ratio_val": 0.02877697841726619
  },
  "sqeuclidean": {
    "wasserstein_1d_train_val_train_synth": 2.530028267630487,
    "wasserstein_1d_train_val_train_train_adv": 3.6280793926056596,
    "wasserstein_1d_train_val_train_val_adv": 1.5629789230406153,
    "detection_ratio_train": 0.037423533645196114,
    "detection_ratio_val": 0.02877697841726619
  },
  "pearson": {
    "wasserstein_1d_train_val_train_synth": 0.010878343846721726,
    "wasserstein_1d_train_val_train_train_adv": 0.0069448695497513705,
    "wasserstein_1d_train_val_train_val_adv": 0.0023403053263398883,
    "detection_ratio_train": 0.0003598416696653472,
    "detection_ratio_val": 0.01870503597122302
  },
  "spearman": {
    "wasserstein_1d_train_val_train_synth": 0.011838559545060627,
    "wasserstein_1d_train_val_train_train_adv": 0.0071259389856047975,
    "wasserstein_1d_train_val_train_val_adv": 0.002559782593939612,
    "detection_ratio_train": 0.0,
    "detection_ratio_val": 0.015827338129496403
  },
  "cosine": {
    "wasserstein_1d_train_val_train_synth": 0.00956612119376848,
    "wasserstein_1d_train_val_train_train_adv": 0.010087250984179657,
    "wasserstein_1d_train_val_train_val_adv": 0.0021031663355914306,
    "detection_ratio_train": 0.039582583663188196,
    "detection_ratio_val": 0.02302158273381295
  }
}