{
  "euclidean": {
    "wasserstein_1d_train_val_train_synth": 3.511482373100961,
    "wasserstein_1d_train_val_train_train_adv": 10.615702190701382,
    "wasserstein_1d_train_val_train_val_adv": 9.661179375352352,
    "detection_ratio_train": 0.16732637639438647,
    "detection_ratio_val": 0.14676258992805755
  },
  "sqeuclidean": {
    "wasserstein_1d_train_val_train_synth": 163.3484745382196,
    "wasserstein_1d_train_val_train_train_adv": 360.3618782762579,
    "wasserstein_1d_train_val_train_val_adv": 334.33971379518925,
    "detection_ratio_train": 0.16732637639438647,
    "detection_ratio_val": 0.14676258992805755
  },
  "pearson": {
    "wasserstein_1d_train_val_train_synth": 0.002629205633457682,
    "wasserstein_1d_train_val_train_train_adv": 0.0029360842782150173,
    "wasserstein_1d_train_val_train_val_adv": 0.0003736460139311063,
    "detection_ratio_train": 0.06836991723641597,
    "detection_ratio_val": 0.01870503597122302
  },
  "spearman": {
    "wasserstein_1d_train_val_train_synth": 0.002982299981905981,
    "wasserstein_1d_train_val_train_train_adv": 0.0030756908440651492,
    "wasserstein_1d_train_val_train_val_adv": 0.0003435769878679364,
    "detection_ratio_train": 0.08420295070169126,
    "detection_ratio_val": 0.02302158273381295
  },
  "cosine": {
    "wasserstein_1d_train_val_train_synth": 0.018721058813561866,
    "wasserstein_1d_train_val_train_train_adv": 0.03849143302106115,
    "wasserstein_1d_train_val_train_val_adv": 0.034466296040524015,
    "detection_ratio_train": 0.11299028427491904,
    "detection_ratio_val": 0.09640287769784173
  }
}