{"wasserstein_1d_train_val_train_synth": 11.503498484182852, "wasserstein_1d_train_val_train_train_adv": 53.93742325546528, "wasserstein_1d_train_val_train_val_adv": 61.6262391270466, "detection_ratio_train": 0.8497908710674668, "detection_ratio_val": 0.8507462686567164}