{
  "euclidean": {
    "wasserstein_1d_train_val_train_synth": 0.309635237677903,
    "wasserstein_1d_train_val_train_train_adv": 1.3686871106742526,
    "wasserstein_1d_train_val_train_val_adv": 1.963638834013147,
    "detection_ratio_train": 0.014753508456279237,
    "detection_ratio_val": 0.015827338129496403
  },
  "sqeuclidean": {
    "wasserstein_1d_train_val_train_synth": 5.023151158116727,
    "wasserstein_1d_train_val_train_train_adv": 28.851874464275433,
    "wasserstein_1d_train_val_train_val_adv": 42.359531576983855,
    "detection_ratio_train": 0.014753508456279237,
    "detection_ratio_val": 0.015827338129496403
  },
  "pearson": {
    "wasserstein_1d_train_val_train_synth": 0.00010972379717217494,
    "wasserstein_1d_train_val_train_train_adv": 0.000407597172727856,
    "wasserstein_1d_train_val_train_val_adv": 0.00030621162434064665,
    "detection_ratio_train": 0.0025188916876574307,
    "detection_ratio_val": 0.0028776978417266188
  },
  "spearman": {
    "wasserstein_1d_train_val_train_synth": 0.00013916906357881262,
    "wasserstein_1d_train_val_train_train_adv": 0.0005854546590603669,
    "wasserstein_1d_train_val_train_val_adv": 0.00044147597159696693,
    "detection_ratio_train": 0.0010795250089960418,
    "detection_ratio_val": 0.0057553956834532375
  },
  "cosine": {
    "wasserstein_1d_train_val_train_synth": 3.5439450380942404e-05,
    "wasserstein_1d_train_val_train_train_adv": 0.0004618702072667043,
    "wasserstein_1d_train_val_train_val_adv": 0.0005423465502701738,
    "detection_ratio_train": 0.02626844188557035,
    "detection_ratio_val": 0.02877697841726619
  }
}