{
  "euclidean": {
    "wasserstein_1d_train_val_train_synth": 2.587005685481548,
    "wasserstein_1d_train_val_train_train_adv": 5.327149176707127,
    "wasserstein_1d_train_val_train_val_adv": 3.566288597525384,
    "detection_ratio_train": 0.08924073407700611,
    "detection_ratio_val": 0.07482014388489208
  },
  "sqeuclidean": {
    "wasserstein_1d_train_val_train_synth": 135.97294326793502,
    "wasserstein_1d_train_val_train_train_adv": 257.06446727325374,
    "wasserstein_1d_train_val_train_val_adv": 172.20775244207925,
    "detection_ratio_train": 0.08924073407700611,
    "detection_ratio_val": 0.07482014388489208
  },
  "pearson": {
    "wasserstein_1d_train_val_train_synth": 0.0033369698999850023,
    "wasserstein_1d_train_val_train_train_adv": 0.0017837232608956042,
    "wasserstein_1d_train_val_train_val_adv": 0.002264911562491639,
    "detection_ratio_train": 0.0035984166966534724,
    "detection_ratio_val": 0.012949640287769784
  },
  "spearman": {
    "wasserstein_1d_train_val_train_synth": 0.0037775940619454405,
    "wasserstein_1d_train_val_train_train_adv": 0.002134252848529447,
    "wasserstein_1d_train_val_train_val_adv": 0.0018182237867697404,
    "detection_ratio_train": 0.0025188916876574307,
    "detection_ratio_val": 0.012949640287769784
  },
  "cosine": {
    "wasserstein_1d_train_val_train_synth": 0.0215340998799117,
    "wasserstein_1d_train_val_train_train_adv": 0.02655934924958186,
    "wasserstein_1d_train_val_train_val_adv": 0.011132357467462542,
    "detection_ratio_train": 0.08204390068369917,
    "detection_ratio_val": 0.053237410071942444
  }
}