{
  "euclidean": {
    "wasserstein_1d_train_val_train_synth": 0.6692129174123937,
    "wasserstein_1d_train_val_train_train_adv": 5.460060704115712,
    "wasserstein_1d_train_val_train_val_adv": 6.660368272377689,
    "detection_ratio_train": 0.020510975170924792,
    "detection_ratio_val": 0.02302158273381295
  },
  "sqeuclidean": {
    "wasserstein_1d_train_val_train_synth": 15.877249388107424,
    "wasserstein_1d_train_val_train_train_adv": 170.62492385282627,
    "wasserstein_1d_train_val_train_val_adv": 215.5917257378131,
    "detection_ratio_train": 0.020510975170924792,
    "detection_ratio_val": 0.02302158273381295
  },
  "pearson": {
    "wasserstein_1d_train_val_train_synth": 0.00022980661932938646,
    "wasserstein_1d_train_val_train_train_adv": 0.0014360423094937165,
    "wasserstein_1d_train_val_train_val_adv": 0.0013417788521414165,
    "detection_ratio_train": 0.0014393666786613889,
    "detection_ratio_val": 0.0014388489208633094
  },
  "spearman": {
    "wasserstein_1d_train_val_train_synth": 0.0005425380002760165,
    "wasserstein_1d_train_val_train_train_adv": 0.0025298764526015907,
    "wasserstein_1d_train_val_train_val_adv": 0.002188462493475183,
    "detection_ratio_train": 0.0003598416696653472,
    "detection_ratio_val": 0.0014388489208633094
  },
  "cosine": {
    "wasserstein_1d_train_val_train_synth": 3.5304023031886795e-05,
    "wasserstein_1d_train_val_train_train_adv": 0.0008068243732746287,
    "wasserstein_1d_train_val_train_val_adv": 0.0009525013736799959,
    "detection_ratio_train": 0.025908600215905003,
    "detection_ratio_val": 0.027338129496402876
  }
}