{"wasserstein_1d_train_val_train_synth": 2.587005685481548, "wasserstein_1d_train_val_train_train_adv": 5.468686637704792, "wasserstein_1d_train_val_train_val_adv": 3.6054689238243114, "detection_ratio_train": 0.08780136739834472, "detection_ratio_val": 0.07050359712230216}