{
  "braycurtis": {
    "wasserstein_1d_train_val_train_synth": 0.02128363076927508,
    "wasserstein_1d_train_val_train_train_adv": 0.011840136749405508,
    "wasserstein_1d_train_val_train_val_adv": 0.009095044922931143,
    "detection_ratio_train": 0.23636363636363636,
    "detection_ratio_val": 0.21594349142280525
  },
  "euclidean": {
    "wasserstein_1d_train_val_train_synth": 5.435452146268397,
    "wasserstein_1d_train_val_train_train_adv": 2.4394902858779477,
    "wasserstein_1d_train_val_train_val_adv": 1.8816355638733255,
    "detection_ratio_train": 0.23383838383838385,
    "detection_ratio_val": 0.20988900100908173
  }
}
