{"wasserstein_1d_train_val_train_synth": 0.0018575925723817509, "wasserstein_1d_train_val_train_train_adv": 0.0022293327221522812, "wasserstein_1d_train_val_train_val_adv": 0.002420232303276244, "detection_ratio_train": 0.2165848336061102, "detection_ratio_val": 0.10945273631840796}