{"wasserstein_1d_train_val_train_synth": 0.025358202883645937, "wasserstein_1d_train_val_train_train_adv": 0.018998899949148843, "wasserstein_1d_train_val_train_val_adv": 0.015087770690682756, "detection_ratio_train": 0.13638843426077468, "detection_ratio_val": 0.024875621890547265}