{
  "euclidean": {
    "wasserstein_1d_train_val_train_synth": 11.872256013869894,
    "wasserstein_1d_train_val_train_train_adv": 14.999575203353446,
    "wasserstein_1d_train_val_train_val_adv": 11.602297226175251,
    "detection_ratio_train": 0.04210147535084563,
    "detection_ratio_val": 0.03597122302158273
  },
  "pearson": {
    "wasserstein_1d_train_val_train_synth": 0.0018351749404886515,
    "wasserstein_1d_train_val_train_train_adv": 0.0020341315949945656,
    "wasserstein_1d_train_val_train_val_adv": 0.0007808388102095059,
    "detection_ratio_train": 0.023389708528247573,
    "detection_ratio_val": 0.02014388489208633
  },
  "cosine": {
    "wasserstein_1d_train_val_train_synth": 0.010979346564515931,
    "wasserstein_1d_train_val_train_train_adv": 0.01365843961007973,
    "wasserstein_1d_train_val_train_val_adv": 0.010388867219511535,
    "detection_ratio_train": 0.06405181720043181,
    "detection_ratio_val": 0.05755395683453238
  }
}