{"wasserstein_1d_train_val_train_synth": 10.986654481017151, "wasserstein_1d_train_val_train_train_adv": 21.123236123498426, "wasserstein_1d_train_val_train_val_adv": 17.483521614228113, "detection_ratio_train": 0.23497661029147177, "detection_ratio_val": 0.22446043165467625}