{
  "euclidean": {
    "wasserstein_1d_train_val_train_synth": 0.5623550547334308,
    "wasserstein_1d_train_val_train_train_adv": 0.5934014774129053,
    "wasserstein_1d_train_val_train_val_adv": 0.17627628904220508,
    "detection_ratio_train": 0.03490464195753868,
    "detection_ratio_val": 0.007194244604316547
  },
  "sqeuclidean": {
    "wasserstein_1d_train_val_train_synth": 14.071577283963528,
    "wasserstein_1d_train_val_train_train_adv": 12.361375046493986,
    "wasserstein_1d_train_val_train_val_adv": 9.44577918364968,
    "detection_ratio_train": 0.03490464195753868,
    "detection_ratio_val": 0.007194244604316547
  },
  "pearson": {
    "wasserstein_1d_train_val_train_synth": 0.009385282197392429,
    "wasserstein_1d_train_val_train_train_adv": 0.003356283722956775,
    "wasserstein_1d_train_val_train_val_adv": 0.0021332133508244018,
    "detection_ratio_train": 0.9258726160489384,
    "detection_ratio_val": 0.02446043165467626
  },
  "spearman": {
    "wasserstein_1d_train_val_train_synth": 0.009675491097021566,
    "wasserstein_1d_train_val_train_train_adv": 0.0034346924107178604,
    "wasserstein_1d_train_val_train_val_adv": 0.0021772543773493657,
    "detection_ratio_train": 0.9186757826556315,
    "detection_ratio_val": 0.02302158273381295
  },
  "cosine": {
    "wasserstein_1d_train_val_train_synth": 0.0001630708867155449,
    "wasserstein_1d_train_val_train_train_adv": 0.00014975998041653524,
    "wasserstein_1d_train_val_train_val_adv": 6.0464383354236683e-05,
    "detection_ratio_train": 0.03454480028787334,
    "detection_ratio_val": 0.01870503597122302
  }
}