{"wasserstein_1d_train_val_train_synth": 0.05576483488715545, "wasserstein_1d_train_val_train_train_adv": 2.5089281799809577, "wasserstein_1d_train_val_train_val_adv": 4.01312645155111, "detection_ratio_train": 0.00872885979268958, "detection_ratio_val": 0.0}