{
  "euclidean": {
    "wasserstein_1d_train_val_train_synth": 6.7399204426378905,
    "wasserstein_1d_train_val_train_train_adv": 14.815062654482253,
    "wasserstein_1d_train_val_train_val_adv": 14.528169111230453,
    "detection_ratio_train": 0.41597697013314144,
    "detection_ratio_val": 0.40575539568345326
  },
  "sqeuclidean": {
    "wasserstein_1d_train_val_train_synth": 438.6755186584912,
    "wasserstein_1d_train_val_train_train_adv": 702.6643766790288,
    "wasserstein_1d_train_val_train_val_adv": 697.6912578863635,
    "detection_ratio_train": 0.41597697013314144,
    "detection_ratio_val": 0.40575539568345326
  },
  "pearson": {
    "wasserstein_1d_train_val_train_synth": 0.013882578680962016,
    "wasserstein_1d_train_val_train_train_adv": 0.002876731979628182,
    "wasserstein_1d_train_val_train_val_adv": 0.003961917709559714,
    "detection_ratio_train": 0.01691255847427132,
    "detection_ratio_val": 0.01870503597122302
  },
  "spearman": {
    "wasserstein_1d_train_val_train_synth": 0.007531882602482036,
    "wasserstein_1d_train_val_train_train_adv": 0.002098832335844064,
    "wasserstein_1d_train_val_train_val_adv": 0.002042773980288233,
    "detection_ratio_train": 0.017992083483267363,
    "detection_ratio_val": 0.027338129496402876
  },
  "cosine": {
    "wasserstein_1d_train_val_train_synth": 0.011428893549012628,
    "wasserstein_1d_train_val_train_train_adv": 0.03290771504951806,
    "wasserstein_1d_train_val_train_val_adv": 0.03166675307961264,
    "detection_ratio_train": 0.5786254048218784,
    "detection_ratio_val": 0.5568345323741007
  }
}