{"wasserstein_1d_train_val_train_synth": 56.46810093424246, "wasserstein_1d_train_val_train_train_adv": 306.58692253442314, "detection_ration": 0.999561403508772}