{
  "euclidean": {
    "wasserstein_1d_train_val_train_synth": 0.3657649037170348,
    "wasserstein_1d_train_val_train_train_adv": 1.7937470319328512,
    "wasserstein_1d_train_val_train_val_adv": 1.7511279364725922,
    "detection_ratio_train": 0.8542641237855344,
    "detection_ratio_val": 0.8446043165467626
  },
  "sqeuclidean": {
    "wasserstein_1d_train_val_train_synth": 1.9944567608008588,
    "wasserstein_1d_train_val_train_train_adv": 6.925862137469402,
    "wasserstein_1d_train_val_train_val_adv": 6.820984054408926,
    "detection_ratio_train": 0.8542641237855344,
    "detection_ratio_val": 0.8446043165467626
  },
  "pearson": {
    "wasserstein_1d_train_val_train_synth": 0.00471294695406772,
    "wasserstein_1d_train_val_train_train_adv": 0.0030488922215072775,
    "wasserstein_1d_train_val_train_val_adv": 0.0024347411630128318,
    "detection_ratio_train": 0.0003598416696653472,
    "detection_ratio_val": 0.017266187050359712
  },
  "spearman": {
    "wasserstein_1d_train_val_train_synth": 0.004579995709173332,
    "wasserstein_1d_train_val_train_train_adv": 0.0027530067328963305,
    "wasserstein_1d_train_val_train_val_adv": 0.002495041869750731,
    "detection_ratio_train": 0.0010795250089960418,
    "detection_ratio_val": 0.02302158273381295
  },
  "cosine": {
    "wasserstein_1d_train_val_train_synth": 0.05546214216127077,
    "wasserstein_1d_train_val_train_train_adv": 0.1981673815737973,
    "wasserstein_1d_train_val_train_val_adv": 0.19513569046333842,
    "detection_ratio_train": 0.8470672903922274,
    "detection_ratio_val": 0.8489208633093526
  }
}