{"wasserstein_1d_train_val_train_synth": 0.3668099579515649, "wasserstein_1d_train_val_train_train_adv": 1.9215914881235823, "wasserstein_1d_train_val_train_val_adv": 1.872012577777837, "detection_ratio_train": 0.8607412738395106, "detection_ratio_val": 0.837410071942446}