{"wasserstein_1d_train_val_train_synth": 5.81048109668387, "wasserstein_1d_train_val_train_train_adv": 15.275214687205109, "wasserstein_1d_train_val_train_val_adv": 14.526083242080839, "detection_ratio_train": 0.41705649514213744, "detection_ratio_val": 0.3841726618705036}