{
  "euclidean": {
    "wasserstein_1d_train_val_train_synth": 0.468638555692394,
    "wasserstein_1d_train_val_train_train_adv": 2.172851747073361,
    "wasserstein_1d_train_val_train_val_adv": 2.1044012847921643,
    "detection_ratio_train": 0.7398344728319539,
    "detection_ratio_val": 0.7050359712230215
  },
  "sqeuclidean": {
    "wasserstein_1d_train_val_train_synth": 3.902985358510218,
    "wasserstein_1d_train_val_train_train_adv": 13.562533149655817,
    "wasserstein_1d_train_val_train_val_adv": 13.236503389190123,
    "detection_ratio_train": 0.7398344728319539,
    "detection_ratio_val": 0.7050359712230215
  },
  "pearson": {
    "wasserstein_1d_train_val_train_synth": 0.00522854423626188,
    "wasserstein_1d_train_val_train_train_adv": 0.004204403470262465,
    "wasserstein_1d_train_val_train_val_adv": 0.00112853077228941,
    "detection_ratio_train": 0.0032385750269881253,
    "detection_ratio_val": 0.017266187050359712
  },
  "spearman": {
    "wasserstein_1d_train_val_train_synth": 0.0036077832818890085,
    "wasserstein_1d_train_val_train_train_adv": 0.0026209606248913477,
    "wasserstein_1d_train_val_train_val_adv": 0.0010780488812990295,
    "detection_ratio_train": 0.007196833393306945,
    "detection_ratio_val": 0.014388489208633094
  },
  "cosine": {
    "wasserstein_1d_train_val_train_synth": 0.028405789480092127,
    "wasserstein_1d_train_val_train_train_adv": 0.10159921128278832,
    "wasserstein_1d_train_val_train_val_adv": 0.09968983207893983,
    "detection_ratio_train": 0.5815041381792011,
    "detection_ratio_val": 0.5755395683453237
  }
}