{
  "euclidean": {
    "wasserstein_1d_train_val_train_synth": 8.111639686345654,
    "wasserstein_1d_train_val_train_train_adv": 9.180917278405044,
    "wasserstein_1d_train_val_train_val_adv": 3.65006757585529,
    "detection_ratio_train": 0.032385750269881254,
    "detection_ratio_val": 0.02302158273381295
  },
  "sqeuclidean": {
    "wasserstein_1d_train_val_train_synth": 420.4726037381561,
    "wasserstein_1d_train_val_train_train_adv": 439.92983965450475,
    "wasserstein_1d_train_val_train_val_adv": 234.91405073629215,
    "detection_ratio_train": 0.032385750269881254,
    "detection_ratio_val": 0.02302158273381295
  },
  "pearson": {
    "wasserstein_1d_train_val_train_synth": 0.005638597821893036,
    "wasserstein_1d_train_val_train_train_adv": 0.004734126321657013,
    "wasserstein_1d_train_val_train_val_adv": 0.0003310059505199951,
    "detection_ratio_train": 0.21950341849586183,
    "detection_ratio_val": 0.01870503597122302
  },
  "spearman": {
    "wasserstein_1d_train_val_train_synth": 0.004423021901557713,
    "wasserstein_1d_train_val_train_train_adv": 0.0033546357971027873,
    "wasserstein_1d_train_val_train_val_adv": 0.00044198424851157143,
    "detection_ratio_train": 0.16732637639438647,
    "detection_ratio_val": 0.027338129496402876
  },
  "cosine": {
    "wasserstein_1d_train_val_train_synth": 0.003402178804321145,
    "wasserstein_1d_train_val_train_train_adv": 0.003676364066337345,
    "wasserstein_1d_train_val_train_val_adv": 0.0015940473309592252,
    "detection_ratio_train": 0.046779417056495146,
    "detection_ratio_val": 0.031654676258992806
  }
}