{
  "euclidean": {
    "wasserstein_1d_train_val_train_synth": 0.21414032338342365,
    "wasserstein_1d_train_val_train_train_adv": 1.0362128101179782,
    "wasserstein_1d_train_val_train_val_adv": 0.8166174610475936,
    "detection_ratio_train": 0.1561712846347607,
    "detection_ratio_val": 0.12805755395683452
  },
  "sqeuclidean": {
    "wasserstein_1d_train_val_train_synth": 1.727887242635782,
    "wasserstein_1d_train_val_train_train_adv": 7.095704884877624,
    "wasserstein_1d_train_val_train_val_adv": 5.600328783356057,
    "detection_ratio_train": 0.1561712846347607,
    "detection_ratio_val": 0.12805755395683452
  },
  "pearson": {
    "wasserstein_1d_train_val_train_synth": 0.010323499027684336,
    "wasserstein_1d_train_val_train_train_adv": 0.008452020989970088,
    "wasserstein_1d_train_val_train_val_adv": 0.0016029835630758237,
    "detection_ratio_train": 0.0014393666786613889,
    "detection_ratio_val": 0.025899280575539568
  },
  "spearman": {
    "wasserstein_1d_train_val_train_synth": 0.011341374995988359,
    "wasserstein_1d_train_val_train_train_adv": 0.008881083467164786,
    "wasserstein_1d_train_val_train_val_adv": 0.0017998071513466232,
    "detection_ratio_train": 0.0017992083483267362,
    "detection_ratio_val": 0.02446043165467626
  },
  "cosine": {
    "wasserstein_1d_train_val_train_synth": 0.026655190801505878,
    "wasserstein_1d_train_val_train_train_adv": 0.042043070267689026,
    "wasserstein_1d_train_val_train_val_adv": 0.030341444524534012,
    "detection_ratio_train": 0.1597697013314142,
    "detection_ratio_val": 0.11942446043165468
  }
}