{
  "euclidean": {
    "wasserstein_1d_train_val_train_synth": 1.7606580787389021,
    "wasserstein_1d_train_val_train_train_adv": 3.974062348289122,
    "wasserstein_1d_train_val_train_val_adv": 3.0402575758006076,
    "detection_ratio_train": 0.1370996761424973,
    "detection_ratio_val": 0.13093525179856116
  },
  "sqeuclidean": {
    "wasserstein_1d_train_val_train_synth": 37.585173494346435,
    "wasserstein_1d_train_val_train_train_adv": 75.5702149290982,
    "wasserstein_1d_train_val_train_val_adv": 58.183202251672306,
    "detection_ratio_train": 0.1370996761424973,
    "detection_ratio_val": 0.13093525179856116
  },
  "pearson": {
    "wasserstein_1d_train_val_train_synth": 0.015497809660526855,
    "wasserstein_1d_train_val_train_train_adv": 0.015058974831666815,
    "wasserstein_1d_train_val_train_val_adv": 0.0018572249131118528,
    "detection_ratio_train": 0.0,
    "detection_ratio_val": 0.01870503597122302
  },
  "spearman": {
    "wasserstein_1d_train_val_train_synth": 0.015215133333872602,
    "wasserstein_1d_train_val_train_train_adv": 0.014858367910301581,
    "wasserstein_1d_train_val_train_val_adv": 0.0018298587703156216,
    "detection_ratio_train": 0.0,
    "detection_ratio_val": 0.015827338129496403
  },
  "cosine": {
    "wasserstein_1d_train_val_train_synth": 0.010066857691456653,
    "wasserstein_1d_train_val_train_train_adv": 0.017306865888287955,
    "wasserstein_1d_train_val_train_val_adv": 0.011873420328995543,
    "detection_ratio_train": 0.11370996761424973,
    "detection_ratio_val": 0.1223021582733813
  }
}