{
  "euclidean": {
    "wasserstein_1d_train_val_train_synth": 2.2824181822970893,
    "wasserstein_1d_train_val_train_train_adv": 8.769992035091427,
    "wasserstein_1d_train_val_train_val_adv": 8.616546587555124,
    "detection_ratio_train": 0.7567470313062252,
    "detection_ratio_val": 0.7309352517985611
  },
  "sqeuclidean": {
    "wasserstein_1d_train_val_train_synth": 64.32890881598901,
    "wasserstein_1d_train_val_train_train_adv": 184.33786099374623,
    "wasserstein_1d_train_val_train_val_adv": 181.3541038323056,
    "detection_ratio_train": 0.7567470313062252,
    "detection_ratio_val": 0.7309352517985611
  },
  "pearson": {
    "wasserstein_1d_train_val_train_synth": 0.008513339177887528,
    "wasserstein_1d_train_val_train_train_adv": 0.008265289973652532,
    "wasserstein_1d_train_val_train_val_adv": 0.001614386672690734,
    "detection_ratio_train": 0.0,
    "detection_ratio_val": 0.017266187050359712
  },
  "spearman": {
    "wasserstein_1d_train_val_train_synth": 0.008774256568856265,
    "wasserstein_1d_train_val_train_train_adv": 0.008697985227607744,
    "wasserstein_1d_train_val_train_val_adv": 0.0017264393909446688,
    "detection_ratio_train": 0.0,
    "detection_ratio_val": 0.015827338129496403
  },
  "cosine": {
    "wasserstein_1d_train_val_train_synth": 0.034642325099758516,
    "wasserstein_1d_train_val_train_train_adv": 0.09793219868095486,
    "wasserstein_1d_train_val_train_val_adv": 0.09624329922777344,
    "detection_ratio_train": 0.6027347966894566,
    "detection_ratio_val": 0.6
  }
}