{"wasserstein_1d_train_val_train_synth": 0.5785342328985605, "wasserstein_1d_train_val_train_train_adv": 0.7851988055686696, "wasserstein_1d_train_val_train_val_adv": 0.2500448628631027, "detection_ratio_train": 0.06477150053976251, "detection_ratio_val": 0.03741007194244604}