{"wasserstein_1d_train_val_train_synth": 13.320094611944477, "wasserstein_1d_train_val_train_train_adv": 31.206549546904256, "wasserstein_1d_train_val_train_val_adv": 29.064398163185302, "detection_ratio_train": 0.3076646275638719, "detection_ratio_val": 0.30071942446043165}