{
  "euclidean": {
    "wasserstein_1d_train_val_train_synth": 0.727844585238949,
    "wasserstein_1d_train_val_train_train_adv": 4.5119330914147175,
    "wasserstein_1d_train_val_train_val_adv": 6.898781333463063,
    "detection_ratio_train": 0.016552716804605974,
    "detection_ratio_val": 0.008633093525179856
  },
  "sqeuclidean": {
    "wasserstein_1d_train_val_train_synth": 21.209514451743928,
    "wasserstein_1d_train_val_train_train_adv": 172.03466929729845,
    "wasserstein_1d_train_val_train_val_adv": 292.0662154507894,
    "detection_ratio_train": 0.016552716804605974,
    "detection_ratio_val": 0.008633093525179856
  },
  "pearson": {
    "wasserstein_1d_train_val_train_synth": 0.00018933674350901777,
    "wasserstein_1d_train_val_train_train_adv": 0.00023586887728185607,
    "wasserstein_1d_train_val_train_val_adv": 0.00019308407740122995,
    "detection_ratio_train": 0.0017992083483267362,
    "detection_ratio_val": 0.0057553956834532375
  },
  "spearman": {
    "wasserstein_1d_train_val_train_synth": 0.00020083287694956897,
    "wasserstein_1d_train_val_train_train_adv": 0.00022406374388396721,
    "wasserstein_1d_train_val_train_val_adv": 0.00017887363827340645,
    "detection_ratio_train": 0.0007196833393306944,
    "detection_ratio_val": 0.0057553956834532375
  },
  "cosine": {
    "wasserstein_1d_train_val_train_synth": 1.421293612140587e-05,
    "wasserstein_1d_train_val_train_train_adv": 0.00032953130592465615,
    "wasserstein_1d_train_val_train_val_adv": 0.0004224243388246183,
    "detection_ratio_train": 0.021230658510255487,
    "detection_ratio_val": 0.011510791366906475
  }
}