{
  "euclidean": {
    "wasserstein_1d_train_val_train_synth": 5.431286960034761,
    "wasserstein_1d_train_val_train_train_adv": 11.826165514136251,
    "wasserstein_1d_train_val_train_val_adv": 9.23580831451627,
    "detection_ratio_train": 0.14033825116948542,
    "detection_ratio_val": 0.1223021582733813
  },
  "sqeuclidean": {
    "wasserstein_1d_train_val_train_synth": 327.33044266742195,
    "wasserstein_1d_train_val_train_train_adv": 613.5389347511973,
    "wasserstein_1d_train_val_train_val_adv": 495.61226246916453,
    "detection_ratio_train": 0.14033825116948542,
    "detection_ratio_val": 0.1223021582733813
  },
  "pearson": {
    "wasserstein_1d_train_val_train_synth": 0.004708472659659985,
    "wasserstein_1d_train_val_train_train_adv": 0.0023402682892291393,
    "wasserstein_1d_train_val_train_val_adv": 0.000791149679337302,
    "detection_ratio_train": 0.0,
    "detection_ratio_val": 0.025899280575539568
  },
  "spearman": {
    "wasserstein_1d_train_val_train_synth": 0.0040723355698801325,
    "wasserstein_1d_train_val_train_train_adv": 0.002814056111224289,
    "wasserstein_1d_train_val_train_val_adv": 0.0007364269368856047,
    "detection_ratio_train": 0.0,
    "detection_ratio_val": 0.02877697841726619
  },
  "cosine": {
    "wasserstein_1d_train_val_train_synth": 0.013608177866124227,
    "wasserstein_1d_train_val_train_train_adv": 0.019683942655730702,
    "wasserstein_1d_train_val_train_val_adv": 0.014607094732173143,
    "detection_ratio_train": 0.09283915077365959,
    "detection_ratio_val": 0.0920863309352518
  }
}