{"wasserstein_1d_train_val_train_synth": 0.3668120105021361, "wasserstein_1d_train_val_train_train_adv": 1.9208407639258036, "wasserstein_1d_train_val_train_val_adv": 1.883284361691366, "detection_ratio_train": 0.8664987405541562, "detection_ratio_val": 0.8215827338129497}