{
  "euclidean": {
    "wasserstein_1d_train_val_train_synth": 5.431323097046219,
    "wasserstein_1d_train_val_train_train_adv": 11.708910239201174,
    "wasserstein_1d_train_val_train_val_adv": 8.805999716843713,
    "detection_ratio_train": 0.13889888449082405,
    "detection_ratio_val": 0.11654676258992806
  },
  "pearson": {
    "wasserstein_1d_train_val_train_synth": 0.0047084666172537235,
    "wasserstein_1d_train_val_train_train_adv": 0.0022055887386308723,
    "wasserstein_1d_train_val_train_val_adv": 0.0008060324076137178,
    "detection_ratio_train": 0.0003598416696653472,
    "detection_ratio_val": 0.033093525179856115
  },
  "cosine": {
    "wasserstein_1d_train_val_train_synth": 0.013608113835588215,
    "wasserstein_1d_train_val_train_train_adv": 0.019769574415804757,
    "wasserstein_1d_train_val_train_val_adv": 0.013706285173671612,
    "detection_ratio_train": 0.09247930910399424,
    "detection_ratio_val": 0.08345323741007195
  }
}