{"wasserstein_1d_train_val_train_synth": 1.3936536389859615, "wasserstein_1d_train_val_train_train_adv": 3.3497511386057006, "wasserstein_1d_train_val_train_val_adv": 2.707080474168512, "detection_ratio_train": 0.6326604837243135, "detection_ratio_val": 0.1691542288557214}